language,text_size,pattern_size,case_type,run_number,execution_time_seconds
Python,10000,10,best,1,0.013300209015142173
Python,10000,10,best,2,0.012642582994885743
Python,10000,10,best,3,0.012786791019607335
Python,10000,10,best,4,0.012819499999750406
Python,10000,10,best,5,0.012654707999899983
Python,10000,10,best,6,0.01263404096243903
Python,10000,10,best,7,0.012602083035744727
Python,10000,10,best,8,0.012572167033795267
Python,10000,10,best,9,0.01263800001470372
Python,10000,10,best,10,0.01268079096917063
Python,10000,10,best,11,0.012697958969511092
Python,10000,10,best,12,0.01274141698377207
Python,10000,10,best,13,0.012663125002291054
Python,10000,10,best,14,0.01268470799550414
Python,10000,10,best,15,0.01265820802655071
Python,10000,10,best,16,0.012710415991023183
Python,10000,10,best,17,0.012638416956178844
Python,10000,10,best,18,0.012729750014841557
Python,10000,10,best,19,0.012725875014439225
Python,10000,10,best,20,0.012706790992524475
Python,10000,10,best,21,0.012656499980948865
Python,10000,10,best,22,0.012638082960620522
Python,10000,10,best,23,0.012595999985933304
Python,10000,10,best,24,0.012627791962586343
Python,10000,10,best,25,0.012610458012204617
Python,10000,10,average,1,0.013176375010516495
Python,10000,10,average,2,0.012610625009983778
Python,10000,10,average,3,0.01272791699739173
Python,10000,10,average,4,0.01257987500866875
Python,10000,10,average,5,0.012570833030622452
Python,10000,10,average,6,0.012645750015508384
Python,10000,10,average,7,0.01265441597206518
Python,10000,10,average,8,0.012823208991903812
Python,10000,10,average,9,0.012754374998621643
Python,10000,10,average,10,0.012739375000819564
Python,10000,10,average,11,0.012746374995913357
Python,10000,10,average,12,0.012752874987199903
Python,10000,10,average,13,0.012720291968435049
Python,10000,10,average,14,0.012673958961386234
Python,10000,10,average,15,0.01267629099311307
Python,10000,10,average,16,0.012724708009045571
Python,10000,10,average,17,0.012703582993708551
Python,10000,10,average,18,0.012728790985420346
Python,10000,10,average,19,0.012679583975113928
Python,10000,10,average,20,0.012697750004008412
Python,10000,10,average,21,0.01273837499320507
Python,10000,10,average,22,0.012636958970688283
Python,10000,10,average,23,0.012373125005979091
Python,10000,10,average,24,0.012629374978132546
Python,10000,10,average,25,0.012656083970796317
Python,10000,10,worst,1,0.017939332989044487
Python,10000,10,worst,2,0.01656629203353077
Python,10000,10,worst,3,0.016619125031866133
Python,10000,10,worst,4,0.01655854203272611
Python,10000,10,worst,5,0.016677082981914282
Python,10000,10,worst,6,0.016496875032316893
Python,10000,10,worst,7,0.01671233301749453
Python,10000,10,worst,8,0.017167209007311612
Python,10000,10,worst,9,0.016896083019673824
Python,10000,10,worst,10,0.01730108301853761
Python,10000,10,worst,11,0.01723495899932459
Python,10000,10,worst,12,0.01733599998988211
Python,10000,10,worst,13,0.01711908302968368
Python,10000,10,worst,14,0.016942374990321696
Python,10000,10,worst,15,0.016649291035719216
Python,10000,10,worst,16,0.016509832988958806
Python,10000,10,worst,17,0.016551916021853685
Python,10000,10,worst,18,0.016570166975725442
Python,10000,10,worst,19,0.016702208027709275
Python,10000,10,worst,20,0.016493332979734987
Python,10000,10,worst,21,0.016480541031342
Python,10000,10,worst,22,0.016623791947495192
Python,10000,10,worst,23,0.016603666997980326
Python,10000,10,worst,24,0.016569792001973838
Python,10000,10,worst,25,0.01644012494944036
Python,10000,50,best,1,0.01260999997612089
Python,10000,50,best,2,0.01150904200039804
Python,10000,50,best,3,0.01157741597853601
Python,10000,50,best,4,0.011481958033982664
Python,10000,50,best,5,0.011513000004924834
Python,10000,50,best,6,0.011563708016183227
Python,10000,50,best,7,0.011494208010844886
Python,10000,50,best,8,0.01153387496015057
Python,10000,50,best,9,0.011577332974411547
Python,10000,50,best,10,0.01151104096788913
Python,10000,50,best,11,0.011495582992210984
Python,10000,50,best,12,0.011516749975271523
Python,10000,50,best,13,0.01148754102177918
Python,10000,50,best,14,0.011442249990068376
Python,10000,50,best,15,0.01161595800658688
Python,10000,50,best,16,0.011525125009939075
Python,10000,50,best,17,0.01145462499698624
Python,10000,50,best,18,0.011499457992613316
Python,10000,50,best,19,0.01150116603821516
Python,10000,50,best,20,0.011495792015921324
Python,10000,50,best,21,0.011567790992558002
Python,10000,50,best,22,0.011493541998788714
Python,10000,50,best,23,0.011498333013150841
Python,10000,50,best,24,0.011675250018015504
Python,10000,50,best,25,0.011527915950864553
Python,10000,50,average,1,0.011423999967519194
Python,10000,50,average,2,0.01188041700515896
Python,10000,50,average,3,0.011464125011116266
Python,10000,50,average,4,0.011422834009863436
Python,10000,50,average,5,0.011479166045319289
Python,10000,50,average,6,0.01141854200977832
Python,10000,50,average,7,0.011568749963771552
Python,10000,50,average,8,0.01147720799781382
Python,10000,50,average,9,0.011656666989438236
Python,10000,50,average,10,0.011511916003655642
Python,10000,50,average,11,0.011482707981485873
Python,10000,50,average,12,0.011485833034384996
Python,10000,50,average,13,0.011584291001781821
Python,10000,50,average,14,0.011916084040421993
Python,10000,50,average,15,0.011663875018712133
Python,10000,50,average,16,0.01151350000873208
Python,10000,50,average,17,0.011448082979768515
Python,10000,50,average,18,0.011481249995995313
Python,10000,50,average,19,0.011414500011596829
Python,10000,50,average,20,0.011499209038447589
Python,10000,50,average,21,0.011587249988224357
Python,10000,50,average,22,0.011097207956481725
Python,10000,50,average,23,0.011430999962612987
Python,10000,50,average,24,0.011515791004057974
Python,10000,50,average,25,0.011507916962727904
Python,10000,50,worst,1,0.016083042020909488
Python,10000,50,worst,2,0.015417125017847866
Python,10000,50,worst,3,0.015515959006734192
Python,10000,50,worst,4,0.015333999996073544
Python,10000,50,worst,5,0.015530999982729554
Python,10000,50,worst,6,0.015417916991282254
Python,10000,50,worst,7,0.01542591699399054
Python,10000,50,worst,8,0.015365999948699027
Python,10000,50,worst,9,0.015351208974607289
Python,10000,50,worst,10,0.01545975002227351
Python,10000,50,worst,11,0.015629375004209578
Python,10000,50,worst,12,0.015342125028837472
Python,10000,50,worst,13,0.015530584030784667
Python,10000,50,worst,14,0.015339208010118455
Python,10000,50,worst,15,0.01538512494880706
Python,10000,50,worst,16,0.015378291020169854
Python,10000,50,worst,17,0.015465541975572705
Python,10000,50,worst,18,0.015446500037796795
Python,10000,50,worst,19,0.015388583997264504
Python,10000,50,worst,20,0.015372041030786932
Python,10000,50,worst,21,0.01536295801633969
Python,10000,50,worst,22,0.015386249986477196
Python,10000,50,worst,23,0.015409207961056381
Python,10000,50,worst,24,0.015313707990571856
Python,10000,50,worst,25,0.015338958008214831
Python,10000,200,best,1,0.013358999975025654
Python,10000,200,best,2,0.012801917036995292
Python,10000,200,best,3,0.012710832990705967
Python,10000,200,best,4,0.012612332997377962
Python,10000,200,best,5,0.012720291968435049
Python,10000,200,best,6,0.012757332995533943
Python,10000,200,best,7,0.012759833014570177
Python,10000,200,best,8,0.012659916013944894
Python,10000,200,best,9,0.012725708016660064
Python,10000,200,best,10,0.012730457994621247
Python,10000,200,best,11,0.01273320900509134
Python,10000,200,best,12,0.012694958015345037
Python,10000,200,best,13,0.012759167002514005
Python,10000,200,best,14,0.012694375007413328
Python,10000,200,best,15,0.012714124983176589
Python,10000,200,best,16,0.012728292029350996
Python,10000,200,best,17,0.012669417017605156
Python,10000,200,best,18,0.012709750037174672
Python,10000,200,best,19,0.012890040990896523
Python,10000,200,best,20,0.012696292018517852
Python,10000,200,best,21,0.012714542041067034
Python,10000,200,best,22,0.012717749981675297
Python,10000,200,best,23,0.01274287496926263
Python,10000,200,best,24,0.012676374986767769
Python,10000,200,best,25,0.012663000030443072
Python,10000,200,average,1,0.01338045799639076
Python,10000,200,average,2,0.012677000020630658
Python,10000,200,average,3,0.012622290989384055
Python,10000,200,average,4,0.012713416013866663
Python,10000,200,average,5,0.012751500005833805
Python,10000,200,average,6,0.012692457996308804
Python,10000,200,average,7,0.012648000032640994
Python,10000,200,average,8,0.012782875041011721
Python,10000,200,average,9,0.012715165968984365
Python,10000,200,average,10,0.012711749994195998
Python,10000,200,average,11,0.012793832982424647
Python,10000,200,average,12,0.013106417027302086
Python,10000,200,average,13,0.012683374981861562
Python,10000,200,average,14,0.012760791985783726
Python,10000,200,average,15,0.012675542035140097
Python,10000,200,average,16,0.012658666004426777
Python,10000,200,average,17,0.012728208035696298
Python,10000,200,average,18,0.012665208021644503
Python,10000,200,average,19,0.012644541973713785
Python,10000,200,average,20,0.012431250012014061
Python,10000,200,average,21,0.01278716599335894
Python,10000,200,average,22,0.012785916973371059
Python,10000,200,average,23,0.012693667027633637
Python,10000,200,average,24,0.012707207992207259
Python,10000,200,average,25,0.012976792000699788
Python,10000,200,worst,1,0.016819124983157963
Python,10000,200,worst,2,0.016793709015473723
Python,10000,200,worst,3,0.016772584000136703
Python,10000,200,worst,4,0.016706874943338335
Python,10000,200,worst,5,0.01669666700763628
Python,10000,200,worst,6,0.016673167003318667
Python,10000,200,worst,7,0.016650666017085314
Python,10000,200,worst,8,0.01683758298167959
Python,10000,200,worst,9,0.016739375016186386
Python,10000,200,worst,10,0.016525875020306557
Python,10000,200,worst,11,0.016617874964140356
Python,10000,200,worst,12,0.016576541995164007
Python,10000,200,worst,13,0.016758208046667278
Python,10000,200,worst,14,0.016909166995901614
Python,10000,200,worst,15,0.016704290988855064
Python,10000,200,worst,16,0.016797374992165715
Python,10000,200,worst,17,0.016727957990951836
Python,10000,200,worst,18,0.016764041036367416
Python,10000,200,worst,19,0.016703083005268127
Python,10000,200,worst,20,0.01668170897755772
Python,10000,200,worst,21,0.016709041025023907
Python,10000,200,worst,22,0.016635791049338877
Python,10000,200,worst,23,0.016737999976612628
Python,10000,200,worst,24,0.016806375002488494
Python,10000,200,worst,25,0.01688479201402515
Python,100000,10,best,1,0.12680683302460238
Python,100000,10,best,2,0.13071062503149733
Python,100000,10,best,3,0.12736545799998567
Python,100000,10,best,4,0.12643579201539978
Python,100000,10,best,5,0.1271246669930406
Python,100000,10,best,6,0.12701479200040922
Python,100000,10,best,7,0.12690041703172028
Python,100000,10,best,8,0.12744670803658664
Python,100000,10,best,9,0.1274180409964174
Python,100000,10,best,10,0.1273342919885181
Python,100000,10,best,11,0.1273180839489214
Python,100000,10,best,12,0.12657829199451953
Python,100000,10,best,13,0.12721020902972668
Python,100000,10,best,14,0.1272367499768734
Python,100000,10,best,15,0.12740449997363612
Python,100000,10,best,16,0.12791437498526648
Python,100000,10,best,17,0.12743175000650808
Python,100000,10,best,18,0.12789000000339001
Python,100000,10,best,19,0.12773054098943248
Python,100000,10,best,20,0.12746937497286126
Python,100000,10,best,21,0.12957337498664856
Python,100000,10,best,22,0.12739166704704985
Python,100000,10,best,23,0.1283053329680115
Python,100000,10,best,24,0.1258744160295464
Python,100000,10,best,25,0.12654237495735288
Python,100000,10,average,1,0.12754370900802314
Python,100000,10,average,2,0.12782520800828934
Python,100000,10,average,3,0.1258387080160901
Python,100000,10,average,4,0.1263408749946393
Python,100000,10,average,5,0.1285278750001453
Python,100000,10,average,6,0.12693012499948964
Python,100000,10,average,7,0.1262397079844959
Python,100000,10,average,8,0.1273500410025008
Python,100000,10,average,9,0.12714795803185552
Python,100000,10,average,10,0.12852391600608826
Python,100000,10,average,11,0.12710916600190103
Python,100000,10,average,12,0.2544947079732083
Python,100000,10,average,13,0.12501174997305498
Python,100000,10,average,14,0.1296823340235278
Python,100000,10,average,15,0.1273410830181092
Python,100000,10,average,16,0.12693349999608472
Python,100000,10,average,17,0.12582558300346136
Python,100000,10,average,18,0.12679612502688542
Python,100000,10,average,19,0.12663733400404453
Python,100000,10,average,20,0.12735366699052975
Python,100000,10,average,21,0.13263420795556158
Python,100000,10,average,22,0.13209387502865866
Python,100000,10,average,23,0.1334264999604784
Python,100000,10,average,24,0.1348418749985285
Python,100000,10,average,25,0.13300712499767542
Python,100000,10,worst,1,0.1819297080510296
Python,100000,10,worst,2,0.17583208298310637
Python,100000,10,worst,3,0.17821925005409867
Python,100000,10,worst,4,0.17768016702029854
Python,100000,10,worst,5,0.179685499984771
Python,100000,10,worst,6,0.1820297499652952
Python,100000,10,worst,7,0.1772326249629259
Python,100000,10,worst,8,0.17790200002491474
Python,100000,10,worst,9,0.17539945797761902
Python,100000,10,worst,10,0.17068550002295524
Python,100000,10,worst,11,0.1681807090062648
Python,100000,10,worst,12,0.17373845796100795
Python,100000,10,worst,13,0.16949129104614258
Python,100000,10,worst,14,0.16864841699134558
Python,100000,10,worst,15,0.31454875000054017
Python,100000,10,worst,16,0.19549100002041087
Python,100000,10,worst,17,0.17039124999428168
Python,100000,10,worst,18,0.17320383299374953
Python,100000,10,worst,19,0.1717851249850355
Python,100000,10,worst,20,0.16887241700896993
Python,100000,10,worst,21,0.1723457089974545
Python,100000,10,worst,22,0.16521475004265085
Python,100000,10,worst,23,0.4175345830153674
Python,100000,10,worst,24,0.17155679099960253
Python,100000,10,worst,25,0.1718229999532923
Python,100000,50,best,1,0.11555937497178093
Python,100000,50,best,2,0.11532116599846631
Python,100000,50,best,3,0.11547329201130196
Python,100000,50,best,4,0.11305187497055158
Python,100000,50,best,5,0.11575070902472362
Python,100000,50,best,6,0.1141504580155015
Python,100000,50,best,7,0.11508499999763444
Python,100000,50,best,8,0.1163554170052521
Python,100000,50,best,9,0.11606420896714553
Python,100000,50,best,10,0.12055408395826817
Python,100000,50,best,11,0.11201345798326656
Python,100000,50,best,12,0.11544195801252499
Python,100000,50,best,13,0.11550241702934727
Python,100000,50,best,14,0.11618966702371836
Python,100000,50,best,15,0.11568429198814556
Python,100000,50,best,16,0.11534108297200873
Python,100000,50,best,17,0.1162984169786796
Python,100000,50,best,18,0.11621908296365291
Python,100000,50,best,19,0.11509629199281335
Python,100000,50,best,20,0.11575308401370421
Python,100000,50,best,21,0.11610058404039592
Python,100000,50,best,22,0.11675441701663658
Python,100000,50,best,23,0.11540995800169185
Python,100000,50,best,24,0.118228540988639
Python,100000,50,best,25,0.11794079095125198
Python,100000,50,average,1,0.11569733399664983
Python,100000,50,average,2,0.11517066601663828
Python,100000,50,average,3,0.11550358298700303
Python,100000,50,average,4,0.11645320896059275
Python,100000,50,average,5,0.11578549997648224
Python,100000,50,average,6,0.11666595900896937
Python,100000,50,average,7,0.1146652500028722
Python,100000,50,average,8,0.11313175002578646
Python,100000,50,average,9,0.11876549996668473
Python,100000,50,average,10,0.11588187504094094
Python,100000,50,average,11,0.11523970903363079
Python,100000,50,average,12,0.11547762498958036
Python,100000,50,average,13,0.11538208305137232
Python,100000,50,average,14,0.11544820800190791
Python,100000,50,average,15,0.11261966702295467
Python,100000,50,average,16,0.11674666701583192
Python,100000,50,average,17,0.1165945419925265
Python,100000,50,average,18,0.11502241698326543
Python,100000,50,average,19,0.11683104099938646
Python,100000,50,average,20,0.1154807080165483
Python,100000,50,average,21,0.11632233404088765
Python,100000,50,average,22,0.11516604200005531
Python,100000,50,average,23,0.11448587500490248
Python,100000,50,average,24,0.11486912501277402
Python,100000,50,average,25,0.11520775000099093
Python,100000,50,worst,1,0.15867050003726035
Python,100000,50,worst,2,0.15788220800459385
Python,100000,50,worst,3,0.15674754203064367
Python,100000,50,worst,4,0.15782675001537427
Python,100000,50,worst,5,0.15622262499528006
Python,100000,50,worst,6,0.15998870803741738
Python,100000,50,worst,7,0.1570814159931615
Python,100000,50,worst,8,0.15667270799167454
Python,100000,50,worst,9,0.15702245896682143
Python,100000,50,worst,10,0.15631816600216553
Python,100000,50,worst,11,0.15812341700075194
Python,100000,50,worst,12,0.1558788749971427
Python,100000,50,worst,13,0.17524129198864102
Python,100000,50,worst,14,0.15756849996978417
Python,100000,50,worst,15,0.1586517909890972
Python,100000,50,worst,16,0.16023804200813174
Python,100000,50,worst,17,0.15622445801272988
Python,100000,50,worst,18,0.15900929202325642
Python,100000,50,worst,19,0.1522408330347389
Python,100000,50,worst,20,0.15696116699837148
Python,100000,50,worst,21,0.15693716699024662
Python,100000,50,worst,22,0.15679829200962558
Python,100000,50,worst,23,0.15667275001760572
Python,100000,50,worst,24,0.15626650000922382
Python,100000,50,worst,25,0.15650987502885982
Python,100000,200,best,1,0.13023370801238343
Python,100000,200,best,2,0.12762845802353695
Python,100000,200,best,3,0.1269452499691397
Python,100000,200,best,4,0.12723958399146795
Python,100000,200,best,5,0.12818445800803602
Python,100000,200,best,6,0.1266344590112567
Python,100000,200,best,7,0.12814962503034621
Python,100000,200,best,8,0.12676958297379315
Python,100000,200,best,9,0.12859787500929087
Python,100000,200,best,10,0.12787895801011473
Python,100000,200,best,11,0.12911604199325666
Python,100000,200,best,12,0.126924458949361
Python,100000,200,best,13,0.12958012497983873
Python,100000,200,best,14,0.12687408301280811
Python,100000,200,best,15,0.1283912499784492
Python,100000,200,best,16,0.1273065410205163
Python,100000,200,best,17,0.1270676669664681
Python,100000,200,best,18,0.1281799590215087
Python,100000,200,best,19,0.12828554201405495
Python,100000,200,best,20,0.12973308301297948
Python,100000,200,best,21,0.12764445797074586
Python,100000,200,best,22,0.12886016600532457
Python,100000,200,best,23,0.1276509159943089
Python,100000,200,best,24,0.12746533303288743
Python,100000,200,best,25,0.12858229101402685
Python,100000,200,average,1,0.127756749978289
Python,100000,200,average,2,0.1299078749725595
Python,100000,200,average,3,0.12699245801195502
Python,100000,200,average,4,0.12714541697641835
Python,100000,200,average,5,0.12424287496833131
Python,100000,200,average,6,0.12767887499649078
Python,100000,200,average,7,0.12676762498449534
Python,100000,200,average,8,0.12641141703352332
Python,100000,200,average,9,0.12724900001194328
Python,100000,200,average,10,0.1273252079845406
Python,100000,200,average,11,0.12941195903113112
Python,100000,200,average,12,0.12817995803197846
Python,100000,200,average,13,0.12739812501240522
Python,100000,200,average,14,0.220137833035551
Python,100000,200,average,15,0.1636477910215035
Python,100000,200,average,16,0.12844200001563877
Python,100000,200,average,17,0.12722387502435595
Python,100000,200,average,18,0.12753570795757696
Python,100000,200,average,19,0.12865149998106062
Python,100000,200,average,20,0.13028770801611245
Python,100000,200,average,21,0.13032541697612032
Python,100000,200,average,22,0.12895283399848267
Python,100000,200,average,23,0.26861670799553394
Python,100000,200,average,24,0.12922512495424598
Python,100000,200,average,25,0.13011858303798363
Python,100000,200,worst,1,0.17597500002011657
Python,100000,200,worst,2,0.17465804202947766
Python,100000,200,worst,3,0.17344062501797453
Python,100000,200,worst,4,0.1734182499931194
Python,100000,200,worst,5,0.17282266699476168
Python,100000,200,worst,6,0.17249466601060703
Python,100000,200,worst,7,0.17278095899382606
Python,100000,200,worst,8,0.1739088339963928
Python,100000,200,worst,9,0.1730331250000745
Python,100000,200,worst,10,0.17297229100950062
Python,100000,200,worst,11,0.17641979199834168
Python,100000,200,worst,12,0.1802556659677066
Python,100000,200,worst,13,0.1778325000195764
Python,100000,200,worst,14,0.18027133296709508
Python,100000,200,worst,15,0.17886462499154732
Python,100000,200,worst,16,0.17446875001769513
Python,100000,200,worst,17,0.17381995799951255
Python,100000,200,worst,18,0.17533991596428677
Python,100000,200,worst,19,0.17495391698321328
Python,100000,200,worst,20,0.1725177500047721
Python,100000,200,worst,21,0.17503499996382743
Python,100000,200,worst,22,0.17468525003641844
Python,100000,200,worst,23,0.27696283301338553
Python,100000,200,worst,24,0.2039757919847034
Python,100000,200,worst,25,0.17560929199680686
Python,500000,10,best,1,0.7773794999811798
Python,500000,10,best,2,0.6520477500162087
Python,500000,10,best,3,0.8342331250314601
Python,500000,10,best,4,0.6413286250317469
Python,500000,10,best,5,0.6576877080369741
Python,500000,10,best,6,0.6503553329966962
Python,500000,10,best,7,0.6373288339818828
Python,500000,10,best,8,0.637644000002183
Python,500000,10,best,9,0.6372559579904191
Python,500000,10,best,10,0.6386635839589871
Python,500000,10,best,11,0.6364645410212688
Python,500000,10,best,12,0.6370063750073314
Python,500000,10,best,13,0.6381300000357442
Python,500000,10,best,14,0.6416959590278566
Python,500000,10,best,15,0.6416155410115607
Python,500000,10,best,16,0.635772832960356
Python,500000,10,best,17,0.6359857079805806
Python,500000,10,best,18,0.6364879159955308
Python,500000,10,best,19,0.6381958749843761
Python,500000,10,best,20,0.6367354160174727
Python,500000,10,best,21,0.6366568329976872
Python,500000,10,best,22,0.6385737499804236
Python,500000,10,best,23,0.6358174160122871
Python,500000,10,best,24,0.6370919159962796
Python,500000,10,best,25,0.6374707920476794
Python,500000,10,average,1,0.6369702909723856
Python,500000,10,average,2,0.6381088749621995
Python,500000,10,average,3,0.636298541969154
Python,500000,10,average,4,0.635228457977064
Python,500000,10,average,5,0.639788749977015
Python,500000,10,average,6,0.6345056249992922
Python,500000,10,average,7,0.6349854169529863
Python,500000,10,average,8,0.6361716249957681
Python,500000,10,average,9,0.6372107079951093
Python,500000,10,average,10,0.6325828750268556
Python,500000,10,average,11,0.6345545829972252
Python,500000,10,average,12,0.6375387909938581
Python,500000,10,average,13,0.6370032500126399
Python,500000,10,average,14,0.636678250040859
Python,500000,10,average,15,0.6358059589983895
Python,500000,10,average,16,0.6344269590335898
Python,500000,10,average,17,0.6371350000263192
Python,500000,10,average,18,0.6380630409694277
Python,500000,10,average,19,0.6380872910376638
Python,500000,10,average,20,0.6335352919995785
Python,500000,10,average,21,0.6347862079855986
Python,500000,10,average,22,0.636004249972757
Python,500000,10,average,23,0.6337736250134185
Python,500000,10,average,24,0.6340004579978995
Python,500000,10,average,25,0.6342351249768399
Python,500000,10,worst,1,0.8846237500547431
Python,500000,10,worst,2,0.8709502090350725
Python,500000,10,worst,3,0.8712897499790415
Python,500000,10,worst,4,0.8705272079678252
Python,500000,10,worst,5,0.8469048750121146
Python,500000,10,worst,6,0.860000625019893
Python,500000,10,worst,7,0.8707465839688666
Python,500000,10,worst,8,0.8701529580284841
Python,500000,10,worst,9,0.863975666987244
Python,500000,10,worst,10,0.8653948329738341
Python,500000,10,worst,11,0.8634915830334648
Python,500000,10,worst,12,0.863992957980372
Python,500000,10,worst,13,0.8608558750129305
Python,500000,10,worst,14,0.8643860410084017
Python,500000,10,worst,15,0.8683804590255022
Python,500000,10,worst,16,0.8742177500389516
Python,500000,10,worst,17,0.8706522920401767
Python,500000,10,worst,18,0.8740418749512173
Python,500000,10,worst,19,0.8726950000273064
Python,500000,10,worst,20,0.8836653330363333
Python,500000,10,worst,21,0.896563874965068
Python,500000,10,worst,22,1.120352333993651
Python,500000,10,worst,23,0.8608945000451058
Python,500000,10,worst,24,0.8655245410045609
Python,500000,10,worst,25,0.870352333993651
Python,500000,50,best,1,0.5794645419809967
Python,500000,50,best,2,0.5799481669673696
Python,500000,50,best,3,0.5792435830226168
Python,500000,50,best,4,0.578418875054922
Python,500000,50,best,5,0.575754290970508
Python,500000,50,best,6,0.5791277919779532
Python,500000,50,best,7,0.5766053340048529
Python,500000,50,best,8,0.5765140829607844
Python,500000,50,best,9,0.5778050830122083
Python,500000,50,best,10,0.5745880419854075
Python,500000,50,best,11,0.5764557080110535
Python,500000,50,best,12,0.5746237090206705
Python,500000,50,best,13,0.5765602920437232
Python,500000,50,best,14,0.5773070839932188
Python,500000,50,best,15,0.577331582957413
Python,500000,50,best,16,0.5750407919986174
Python,500000,50,best,17,0.9612789169768803
Python,500000,50,best,18,0.575938041030895
Python,500000,50,best,19,0.5746360839693807
Python,500000,50,best,20,0.5758442910155281
Python,500000,50,best,21,0.5766610419959761
Python,500000,50,best,22,0.652369457995519
Python,500000,50,best,23,0.6051783330040053
Python,500000,50,best,24,0.5907759580295533
Python,500000,50,best,25,0.5769156670430675
Python,500000,50,average,1,0.5856694169924594
Python,500000,50,average,2,0.5800635409541428
Python,500000,50,average,3,0.5998313750023954
Python,500000,50,average,4,0.5980969999800436
Python,500000,50,average,5,0.5772535419673659
Python,500000,50,average,6,0.5767000840278342
Python,500000,50,average,7,0.5789496249635704
Python,500000,50,average,8,0.5772372080245987
Python,500000,50,average,9,0.5787077919812873
Python,500000,50,average,10,0.5807247499469668
Python,500000,50,average,11,0.5781520839664154
Python,500000,50,average,12,0.5755213749944232
Python,500000,50,average,13,0.5809592920122668
Python,500000,50,average,14,0.5875216249842197
Python,500000,50,average,15,0.5683911250089295
Python,500000,50,average,16,0.5752621249994263
Python,500000,50,average,17,0.5815954169956967
Python,500000,50,average,18,0.5808363750111312
Python,500000,50,average,19,0.8310006249812432
Python,500000,50,average,20,0.6366851250058971
Python,500000,50,average,21,0.9737332920194604
Python,500000,50,average,22,0.5838987909955904
Python,500000,50,average,23,0.5771501670242287
Python,500000,50,average,24,0.5784308750298806
Python,500000,50,average,25,0.5792540000402369
Python,500000,50,worst,1,0.8311348750139587
Python,500000,50,worst,2,0.7946458749938756
Python,500000,50,worst,3,0.907557790982537
Python,500000,50,worst,4,0.8298002919764258
Python,500000,50,worst,5,0.8157691669766791
Python,500000,50,worst,6,0.8025516250054352
Python,500000,50,worst,7,0.7989262079936452
Python,500000,50,worst,8,0.800747291999869
Python,500000,50,worst,9,0.7920941250049509
Python,500000,50,worst,10,0.7993363339919597
Python,500000,50,worst,11,0.7941594579606317
Python,500000,50,worst,12,0.7922951250220649
Python,500000,50,worst,13,0.7931891669868492
Python,500000,50,worst,14,0.7964907079585828
Python,500000,50,worst,15,0.7929865830228664
Python,500000,50,worst,16,0.8190064170048572
Python,500000,50,worst,17,0.8250766670098528
Python,500000,50,worst,18,0.790933792013675
Python,500000,50,worst,19,0.7867272499715909
Python,500000,50,worst,20,0.7857905839919113
Python,500000,50,worst,21,0.7968385420390405
Python,500000,50,worst,22,0.7952416660264134
Python,500000,50,worst,23,0.7959166659857146
Python,500000,50,worst,24,0.7941919580334798
Python,500000,50,worst,25,0.7947249170392752
Python,500000,200,best,1,0.6400796660454944
Python,500000,200,best,2,0.63780508300988
Python,500000,200,best,3,0.6377527500153519
Python,500000,200,best,4,0.6382268330198713
Python,500000,200,best,5,0.6405689590028487
Python,500000,200,best,6,0.6361184159759432
Python,500000,200,best,7,0.6370995830511674
Python,500000,200,best,8,0.6475281669991091
Python,500000,200,best,9,0.6411018749931827
Python,500000,200,best,10,0.6250877089914866
Python,500000,200,best,11,0.6333567500114441
Python,500000,200,best,12,0.6336183749954216
Python,500000,200,best,13,0.9720792500302196
Python,500000,200,best,14,0.6629121250007302
Python,500000,200,best,15,0.6466573749785312
Python,500000,200,best,16,0.6484429169795476
Python,500000,200,best,17,0.6507993750274181
Python,500000,200,best,18,0.6506478330120444
Python,500000,200,best,19,0.6528324999962933
Python,500000,200,best,20,0.6451339999912307
Python,500000,200,best,21,0.6458887089975178
Python,500000,200,best,22,0.6346324170008302
Python,500000,200,best,23,0.8343173330067657
Python,500000,200,best,24,0.6375569169758819
Python,500000,200,best,25,0.635821792006027
Python,500000,200,average,1,0.6317422920255922
Python,500000,200,average,2,0.7907435839879327
Python,500000,200,average,3,0.6400316249928437
Python,500000,200,average,4,0.6328330829855986
Python,500000,200,average,5,0.6421814170316793
Python,500000,200,average,6,0.6354967089719139
Python,500000,200,average,7,0.6388378749834374
Python,500000,200,average,8,0.6420102089759894
Python,500000,200,average,9,0.6366908340132795
Python,500000,200,average,10,0.6364260829868726
Python,500000,200,average,11,0.6416622910182923
Python,500000,200,average,12,0.6350124999880791
Python,500000,200,average,13,0.6353433330077678
Python,500000,200,average,14,0.6376704159774818
Python,500000,200,average,15,0.6390339999925345
Python,500000,200,average,16,0.634075167006813
Python,500000,200,average,17,0.6353275420260616
Python,500000,200,average,18,0.7121294169919565
Python,500000,200,average,19,0.6376351250219159
Python,500000,200,average,20,0.6357147499802522
Python,500000,200,average,21,0.6318996669724584
Python,500000,200,average,22,0.628189375041984
Python,500000,200,average,23,0.6725884589832276
Python,500000,200,average,24,0.6609334170352668
Python,500000,200,average,25,0.6652645000140183
Python,500000,200,worst,1,0.8798817080096342
Python,500000,200,worst,2,0.8729339999845251
Python,500000,200,worst,3,0.8803286249749362
Python,500000,200,worst,4,0.8774473749799654
Python,500000,200,worst,5,0.8768325000419281
Python,500000,200,worst,6,0.8784119169577025
Python,500000,200,worst,7,0.8754192090127617
Python,500000,200,worst,8,0.8760967089910991
Python,500000,200,worst,9,0.8757475829916075
Python,500000,200,worst,10,0.8872500829747878
Python,500000,200,worst,11,0.8783461249549873
Python,500000,200,worst,12,0.8731523330206983
Python,500000,200,worst,13,0.8807430000160821
Python,500000,200,worst,14,0.881298833002802
Python,500000,200,worst,15,0.8798976250109263
Python,500000,200,worst,16,0.8827659169910476
Python,500000,200,worst,17,0.8814640000346117
Python,500000,200,worst,18,0.8776528330054134
Python,500000,200,worst,19,0.881250332982745
Python,500000,200,worst,20,0.881842750008218
Python,500000,200,worst,21,0.8794911250006407
Python,500000,200,worst,22,0.8852542910026386
Python,500000,200,worst,23,0.883039667038247
Python,500000,200,worst,24,0.8799298330559395
Python,500000,200,worst,25,0.8726018750458024
